state_code,state_name
1,Maharashtra
2,Andhra Pradesh
3,Karnataka
4,Kerala
5,Himachal Pradesh
6,Assam
7,Jharkhand
8,Bihar
9,Rajasthan
10,Tamil Nadu
11,Orissa
12,Jammu and Kashmir
13,Uttar Pradesh
14,Haryana
15,Uttarakhand
16,West Bengal
17,Gujarat
18,Chhattisgarh
19,Mizoram
20,Tripura
21,Meghalaya
22,Punjab
23,Madhya Pradesh
24,Sikkim
25,Manipur
26,Delhi
27,Chandigarh
29,Telangana
30,Goa
31,Diu and Daman
32,DNH at Silvasa
33,Ladakh
